<?xml version="1.0" encoding="UTF-8"?>
<project-private xmlns="http://www.netbeans.org/ns/project-private/1">
    <editor-bookmarks xmlns="http://www.netbeans.org/ns/editor-bookmarks/2" lastBookmarkId="0"/>
    <open-files xmlns="http://www.netbeans.org/ns/projectui-open-files/2">
        <group>
            <file>file:/C:/Users/Cedric/Desktop/EmployeeProject/src/employeeproject/EmployeeProject.java</file>
            <file>file:/C:/Users/Cedric/Desktop/EmployeeProject/src/employeeproject/BasePlusCommissionEmployee.java</file>
            <file>file:/C:/Users/Cedric/Desktop/EmployeeProject/src/employeeproject/HourlyEmployee.java</file>
            <file>file:/C:/Users/Cedric/Desktop/EmployeeProject/src/employeeproject/Date.java</file>
            <file>file:/C:/Users/Cedric/Desktop/EmployeeProject/src/employeeproject/PieceWorkerEmployee.java</file>
            <file>file:/C:/Users/Cedric/Desktop/EmployeeProject/src/employeeproject/CommissionEmployee.java</file>
        </group>
    </open-files>
</project-private>
